{
    "graphName": "OBS Sample",
    "graphIsActive": true,
    "nodes": [
        {
            "id": "1087f1d4-d4d2-411b-b653-552eab63acd1",
            "values": [
                {
                    "key": "triggerName",
                    "value": "OBSToBRBScreen"
                }
            ],
            "posX": -703.3359985351563,
            "posY": 493.9970703125,
            "path": "Nodes/TriggerNode",
            "inputSocketIds": [],
            "outputSocketIds": [
                "d95f7618-ad47-4d3f-81b3-0c86ab1d489c638505549392317577"
            ],
            "headerColor": 5
        },
        {
            "id": "cb0958fd-ba7d-4083-b61e-c4f332dd3d96",
            "values": [
                {
                    "key": "triggerName",
                    "value": "OBSRefreshHotkey"
                }
            ],
            "posX": -699.3334350585938,
            "posY": 326.6666564941406,
            "path": "Nodes/TriggerNode",
            "inputSocketIds": [],
            "outputSocketIds": [
                "1121a8a7-8681-4abe-8f14-cd794e4528ce638505549521420573"
            ],
            "headerColor": 5
        },
        {
            "id": "26c65690-c740-49ec-8e34-c64622e78c15",
            "values": [
                {
                    "key": "triggerName",
                    "value": "OBSMuteAudio"
                }
            ],
            "posX": -708.0,
            "posY": 56.66667175292969,
            "path": "Nodes/TriggerNode",
            "inputSocketIds": [],
            "outputSocketIds": [
                "b4481ffd-3bea-4b5f-83a5-c5061434ec8a638505549955491698"
            ],
            "headerColor": 2
        },
        {
            "id": "6a227011-ac64-4393-a190-0144f198de76",
            "values": [
                {
                    "key": "triggerName",
                    "value": "OBSUnmuteAudio"
                }
            ],
            "posX": -703.0,
            "posY": -96.0,
            "path": "Nodes/TriggerNode",
            "inputSocketIds": [],
            "outputSocketIds": [
                "b9d7fda5-c470-4cc1-bfa6-c09657fa9c22638505550050964043"
            ],
            "headerColor": 2
        },
        {
            "id": "2deb0b05-3d2f-4066-bb9b-18b37fcc8811",
            "values": [
                {
                    "key": "triggerName",
                    "value": "OBSSetAudioVolume"
                }
            ],
            "posX": -707.6666870117188,
            "posY": -264.0,
            "path": "Nodes/TriggerNode",
            "inputSocketIds": [],
            "outputSocketIds": [
                "6f77518a-44a6-495c-9430-de71d03c8568638505550164324036"
            ],
            "headerColor": 2
        },
        {
            "id": "18b4276d-f31a-43ef-9779-e292b21521d2",
            "values": [
                {
                    "key": "triggerName",
                    "value": "OBSSceneItemOn"
                }
            ],
            "posX": -133.00013732910157,
            "posY": 529.6666259765625,
            "path": "Nodes/TriggerNode",
            "inputSocketIds": [],
            "outputSocketIds": [
                "5706c3cb-384d-4367-ac45-63ad2e8bbf6c638505550402626251"
            ],
            "headerColor": 1
        },
        {
            "id": "d564d6f3-f15e-4820-8cc9-19fa86e0fadf",
            "values": [
                {
                    "key": "triggerName",
                    "value": "OBSSceneItemOff"
                }
            ],
            "posX": -138.00013732910157,
            "posY": 409.6666564941406,
            "path": "Nodes/TriggerNode",
            "inputSocketIds": [],
            "outputSocketIds": [
                "479e2b0d-0804-4ba1-bc0a-6f87a237d342638505550692696811"
            ],
            "headerColor": 1
        },
        {
            "id": "81d7387e-8e6a-4e68-aa1c-0a59aade2873",
            "values": [
                {
                    "key": "triggerName",
                    "value": "OBSSourceFilterOn"
                }
            ],
            "posX": 279.0,
            "posY": 404.6666564941406,
            "path": "Nodes/TriggerNode",
            "inputSocketIds": [],
            "outputSocketIds": [
                "90ba5393-4a2a-4126-87e4-654a3a9317ae638505550739326636"
            ],
            "headerColor": 1
        },
        {
            "id": "8669707d-588f-457f-8a63-7238f9860d2f",
            "values": [
                {
                    "key": "triggerName",
                    "value": "OBSSourceFilterOff"
                }
            ],
            "posX": 277.99993896484377,
            "posY": 525.6666259765625,
            "path": "Nodes/TriggerNode",
            "inputSocketIds": [],
            "outputSocketIds": [
                "e0f87da1-d534-466a-9fc1-6cdebd424af0638505550847197814"
            ],
            "headerColor": 1
        },
        {
            "id": "e9f9e312-dd2a-428a-b407-b269270a2cd6",
            "values": [
                {
                    "key": "triggerName",
                    "value": "OBSCamOn"
                }
            ],
            "posX": -169.0001983642578,
            "posY": -99.33335876464844,
            "path": "Nodes/TriggerNode",
            "inputSocketIds": [],
            "outputSocketIds": [
                "2d483ca2-a7db-4886-8011-d84c5bca8efd638505550985010953"
            ],
            "headerColor": 3
        },
        {
            "id": "6d6f80f4-f4f0-40df-9f7a-ac23c9155f5d",
            "values": [
                {
                    "key": "triggerName",
                    "value": "OBSCamOff"
                }
            ],
            "posX": -167.0001983642578,
            "posY": -205.33335876464845,
            "path": "Nodes/TriggerNode",
            "inputSocketIds": [],
            "outputSocketIds": [
                "30c3a806-62da-48f2-9af7-716e509bb5b9638505551052224253"
            ],
            "headerColor": 3
        },
        {
            "id": "db5eeba7-e320-49f7-8d89-6b852c6a0809",
            "values": [
                {
                    "key": "triggerName",
                    "value": "OBSRecordOn"
                }
            ],
            "posX": 236.99986267089845,
            "posY": -89.3333740234375,
            "path": "Nodes/TriggerNode",
            "inputSocketIds": [],
            "outputSocketIds": [
                "fd238b20-21f6-41b9-af3e-203c7af3d68c638505551828368583"
            ],
            "headerColor": 3
        },
        {
            "id": "6fe9d33d-f2f5-4f8b-9621-39a2fe56162f",
            "values": [
                {
                    "key": "triggerName",
                    "value": "OBSRecordOff"
                }
            ],
            "posX": 241.99986267089845,
            "posY": -193.3333740234375,
            "path": "Nodes/TriggerNode",
            "inputSocketIds": [],
            "outputSocketIds": [
                "1c895351-1cd8-4794-a2f1-6cd8086d6d54638505551840121838"
            ],
            "headerColor": 3
        },
        {
            "id": "180b2b60-80a9-49e1-880d-14c2782830da",
            "values": [
                {
                    "key": "triggerName",
                    "value": "OBSStreamOn"
                }
            ],
            "posX": 690.9998779296875,
            "posY": -104.3333740234375,
            "path": "Nodes/TriggerNode",
            "inputSocketIds": [],
            "outputSocketIds": [
                "2a2b2716-b87a-4981-9c46-46f6411408ef638505552107707984"
            ],
            "headerColor": 3
        },
        {
            "id": "3c3c72df-3cfd-4280-b527-02fd4a517d5e",
            "values": [
                {
                    "key": "triggerName",
                    "value": "OBSStreamOff"
                }
            ],
            "posX": 688.9998779296875,
            "posY": -212.3333740234375,
            "path": "Nodes/TriggerNode",
            "inputSocketIds": [],
            "outputSocketIds": [
                "4a708678-ef3f-4429-a593-ea509f22039e638505552118010601"
            ],
            "headerColor": 3
        },
        {
            "id": "446b8981-9e8f-4bc6-b41a-ea680407fc4f",
            "values": [
                {
                    "key": "paramName",
                    "value": "_xjo_startvcam"
                },
                {
                    "key": "value",
                    "value": "1"
                }
            ],
            "posX": 30.3310546875,
            "posY": -78.00314331054688,
            "path": "Nodes/SetParamNode",
            "inputSocketIds": [
                "728cfa17-c60c-45cb-87fa-ad067aa03222638505552802924918"
            ],
            "outputSocketIds": [],
            "headerColor": 3
        },
        {
            "id": "8340ce05-92d9-4baf-ab3e-5d0244c12c6e",
            "values": [
                {
                    "key": "paramName",
                    "value": "_xjo_stopvcam"
                },
                {
                    "key": "value",
                    "value": "1"
                }
            ],
            "posX": 30.3310546875,
            "posY": -233.00315856933595,
            "path": "Nodes/SetParamNode",
            "inputSocketIds": [
                "9a490c43-af6f-450f-8b36-2830911cc333638505553074647651"
            ],
            "outputSocketIds": [],
            "headerColor": 3
        },
        {
            "id": "3b9324e9-d759-4970-aed0-604eab4af27c",
            "values": [
                {
                    "key": "paramName",
                    "value": "_xjo_startrecord"
                },
                {
                    "key": "value",
                    "value": "1"
                }
            ],
            "posX": 451.33111572265627,
            "posY": -66.00314331054688,
            "path": "Nodes/SetParamNode",
            "inputSocketIds": [
                "86bbf4b2-4f43-4e98-8048-d0281f02fed9638505553339878171"
            ],
            "outputSocketIds": [],
            "headerColor": 3
        },
        {
            "id": "2a525271-536e-44b6-8a20-ffb27930cef3",
            "values": [
                {
                    "key": "paramName",
                    "value": "_xjo_stoprecord"
                },
                {
                    "key": "value",
                    "value": "1"
                }
            ],
            "posX": 451.33111572265627,
            "posY": -221.00315856933595,
            "path": "Nodes/SetParamNode",
            "inputSocketIds": [
                "29df39ae-e490-4078-b907-2c02c5df391a638505553351818566"
            ],
            "outputSocketIds": [],
            "headerColor": 3
        },
        {
            "id": "765b7865-07a3-49a6-946c-e81110aa57b0",
            "values": [
                {
                    "key": "paramName",
                    "value": "_xjo_startstream"
                },
                {
                    "key": "value",
                    "value": "1"
                }
            ],
            "posX": 897.3310546875,
            "posY": -79.00314331054688,
            "path": "Nodes/SetParamNode",
            "inputSocketIds": [
                "b20afa4d-5aab-480f-bc8f-f407cb8b5a4e638505553984213736"
            ],
            "outputSocketIds": [],
            "headerColor": 3
        },
        {
            "id": "3c6416c1-0b52-4162-b021-caf92a3b1507",
            "values": [
                {
                    "key": "paramName",
                    "value": "_xjo_stopstream"
                },
                {
                    "key": "value",
                    "value": "1"
                }
            ],
            "posX": 895.3310546875,
            "posY": -242.003173828125,
            "path": "Nodes/SetParamNode",
            "inputSocketIds": [
                "b1710e27-8178-4781-a269-4308c214c55d638505554002115910"
            ],
            "outputSocketIds": [],
            "headerColor": 3
        },
        {
            "id": "da496ba8-601b-4fed-beac-a3b77198ea3b",
            "values": [
                {
                    "key": "paramName",
                    "value": "_xjo_scenetoswitch"
                },
                {
                    "key": "value",
                    "value": "MySceneName"
                }
            ],
            "posX": -492.3359375,
            "posY": 482.9970703125,
            "path": "Nodes/SetTextParamNode",
            "inputSocketIds": [
                "d06db640-d58c-404d-a384-34892fdc73a4638505554441367635"
            ],
            "outputSocketIds": [],
            "headerColor": 5
        },
        {
            "id": "f67bf870-a18e-4db6-af3e-cd46e0fae02f",
            "values": [
                {
                    "key": "paramName",
                    "value": "_xjo_hotkeytofire"
                },
                {
                    "key": "value",
                    "value": "ObsBrowser.Refresh"
                }
            ],
            "posX": -489.3359375,
            "posY": 314.9970703125,
            "path": "Nodes/SetTextParamNode",
            "inputSocketIds": [
                "f7470185-97ed-4fb5-9415-32d7b4354cf9638505554781967079"
            ],
            "outputSocketIds": [],
            "headerColor": 5
        },
        {
            "id": "a7929ddb-e1fb-4725-b89d-bb12e47e2c49",
            "values": [
                {
                    "key": "paramName",
                    "value": "_xjo_audiotomute"
                },
                {
                    "key": "value",
                    "value": "Desktop Audio"
                }
            ],
            "posX": -487.3359375,
            "posY": 46.9970703125,
            "path": "Nodes/SetTextParamNode",
            "inputSocketIds": [
                "9a21120b-5a11-43ab-a96b-eba6551aa6d9638505554962795969"
            ],
            "outputSocketIds": [],
            "headerColor": 2
        },
        {
            "id": "5d94bff9-79f2-4ece-8615-353c3e03bbf8",
            "values": [
                {
                    "key": "paramName",
                    "value": "_xjo_audiotounmute"
                },
                {
                    "key": "value",
                    "value": "Desktop Audio"
                }
            ],
            "posX": -486.3359375,
            "posY": -109.0029296875,
            "path": "Nodes/SetTextParamNode",
            "inputSocketIds": [
                "6810cb34-e46b-47c4-9ade-0f8a2fcb7896638505554976024837"
            ],
            "outputSocketIds": [],
            "headerColor": 2
        },
        {
            "id": "8361d4d1-1b49-41a8-9245-ea17830da03a",
            "values": [
                {
                    "key": "paramName",
                    "value": "_xjo_audiotoset"
                },
                {
                    "key": "value",
                    "value": "Desktop Audio;;0.69"
                }
            ],
            "posX": -484.3359375,
            "posY": -274.0029296875,
            "path": "Nodes/SetTextParamNode",
            "inputSocketIds": [
                "77f2923e-379f-4ccf-9fb1-169092adcab0638505554985868560"
            ],
            "outputSocketIds": [],
            "headerColor": 2
        },
        {
            "id": "22348c79-996c-400b-9d47-23ed154a3ac3",
            "values": [
                {
                    "key": "paramName",
                    "value": "_xjo_itemtoenable"
                },
                {
                    "key": "value",
                    "value": "MySceneName;;MySourceName"
                }
            ],
            "posX": 65.66412353515625,
            "posY": 557.9970703125,
            "path": "Nodes/SetTextParamNode",
            "inputSocketIds": [
                "ceb4eef2-f7a4-40f7-a8c0-a4e6904dd6db638505556029217104"
            ],
            "outputSocketIds": [],
            "headerColor": 1
        },
        {
            "id": "4c249d19-1de9-4bd4-b972-210c737b15c1",
            "values": [
                {
                    "key": "paramName",
                    "value": "_xjo_itemtodisable"
                },
                {
                    "key": "value",
                    "value": "MySceneName;;MySourceName"
                }
            ],
            "posX": 69.66412353515625,
            "posY": 380.9970703125,
            "path": "Nodes/SetTextParamNode",
            "inputSocketIds": [
                "e330048d-ac88-4e35-b234-76d2e8b7b977638505556051059100"
            ],
            "outputSocketIds": [],
            "headerColor": 1
        },
        {
            "id": "7b49126e-f750-4138-98f3-359cc7e6a498",
            "values": [
                {
                    "key": "paramName",
                    "value": "_xjo_filtertoenable"
                },
                {
                    "key": "value",
                    "value": "MySourceName;;MyFilterName"
                }
            ],
            "posX": 479.66412353515627,
            "posY": 551.9970703125,
            "path": "Nodes/SetTextParamNode",
            "inputSocketIds": [
                "71b5ca68-5962-4bd6-980b-7a5cf7b80a81638505556114041619"
            ],
            "outputSocketIds": [],
            "headerColor": 1
        },
        {
            "id": "a036a81d-df9a-4fdb-b5a1-6b555b9a2ee1",
            "values": [
                {
                    "key": "paramName",
                    "value": "_xjo_filtertodisable"
                },
                {
                    "key": "value",
                    "value": "MySourceName;;MyFilterName"
                }
            ],
            "posX": 481.66412353515627,
            "posY": 378.9970703125,
            "path": "Nodes/SetTextParamNode",
            "inputSocketIds": [
                "7b2abb13-bf1c-4c2e-a29f-9345f0c21f67638505556151065454"
            ],
            "outputSocketIds": [],
            "headerColor": 1
        },
        {
            "id": "36307cfc-02b3-4094-8820-43d4bd0bc800",
            "values": [
                {
                    "key": "message",
                    "value": "GENERAL ACTIONS\n\nMuch of the common inteactions that you're likely to want can be controlled through Scene Changes and Hotkeys, whicha re controlled by these parameters.\n\n_xjo_scenetoswitch - provide a Scene name and OBS will switch to that scene\n\n_xjo_hotkeytofire - provide a hotkey name and OBS will trigger this hotkey"
                }
            ],
            "posX": -1025.0020751953125,
            "posY": 401.9971923828125,
            "path": "Nodes/MessageBoxNode",
            "inputSocketIds": [],
            "outputSocketIds": [],
            "headerColor": 5
        },
        {
            "id": "4dbe67d4-d0cd-4663-9127-afa36c23ab3f",
            "values": [
                {
                    "key": "message",
                    "value": "AUDIO CONTROLS\n\nThese parameters provide access to basic control over audio inputs.\n\n_xjo_audiotomute - provide an Audio Input name to mute in OBS\n\n_xjo_audiotounmute - provide an Audio Input name to unmute in OBS\n\n_xjo_audiotoset - provide an Audio Input name and a volume level to set in OBS"
                }
            ],
            "posX": -1083.33544921875,
            "posY": -123.00279235839844,
            "path": "Nodes/MessageBoxNode",
            "inputSocketIds": [],
            "outputSocketIds": [],
            "headerColor": 2
        },
        {
            "id": "6fe09b38-fd05-44e7-8b93-6b66d967961b",
            "values": [
                {
                    "key": "message",
                    "value": "SOURCE ACTIONS\n\nThese paramteres control the active states of Sources within Scenes, as well as thier filters\n\n_xjo_itemtoenable - provide a Scene name and Source name to enable the item in OBS\n\n_xjo_itemtodisable - provide a Scene name and Source name to disable the item in OBS\n\n_xjo_filtertoenable - provide a Source name and Filter name to enable the filter in OBS\n\n_xjo_filtertodisable - provide a Source name and Filter name to disable the filter in OBS"
                }
            ],
            "posX": -30.001922607421876,
            "posY": 151.99722290039063,
            "path": "Nodes/MessageBoxNode",
            "inputSocketIds": [],
            "outputSocketIds": [],
            "headerColor": 1
        },
        {
            "id": "4973015f-c8d6-4243-8062-219230c98d7e",
            "values": [
                {
                    "key": "message",
                    "value": "OUTPUT ACTIONS\n\nThese Parameters Control OBS Virtual Camera, Recording, and Streaming.  set the respective field's value to 1 to trigger the resulting action\n\n_xjo_startvcam - Set to 1 to start the Virtual Camera\n_xjo_stopvcam - Set to 1 to stop the Virtual Camera\n\n_xjo_startrecord - Set to 1 to start OBS Recording\n_xjo_stoprecord - Set to 1 to stop OBS Recording\n\n_xjo_startstream - Set to 1 to start OBS Streaming\n_xjo_stopstream - Set to 1 to stop OBS Streaming"
                }
            ],
            "posX": 438.331298828125,
            "posY": 156.99720764160157,
            "path": "Nodes/MessageBoxNode",
            "inputSocketIds": [],
            "outputSocketIds": [],
            "headerColor": 3
        },
        {
            "id": "70e2d9b6-a68e-4be6-b1e9-77766fb1db32",
            "values": [
                {
                    "key": "message",
                    "value": "STATUS PARAMETERS\n\nSome parameters are automatically set from events within OBS, and provide key state information about the current OBS instance:\n\n_xjo_currentscene - The name of the currently-active Scene in OBS\n_xjo_vcamactive - The active state of the OBS Virtual Camera\n_xjo_recordactive - The active state of the OBS Recording\n_xjo_recordpaused - Whether or not an active recording state is currently paused\n_xjo_streamactive - The active state of the OBS Streaming"
                }
            ],
            "posX": 873.331298828125,
            "posY": 165.33053588867188,
            "path": "Nodes/MessageBoxNode",
            "inputSocketIds": [],
            "outputSocketIds": [],
            "headerColor": 7
        }
    ],
    "connections": [
        {
            "id": "b52fb5f9-7a00-4d60-9570-a1948a47df32",
            "outputSocketId": "2d483ca2-a7db-4886-8011-d84c5bca8efd638505550985010953",
            "inputSocketId": "728cfa17-c60c-45cb-87fa-ad067aa03222638505552802924918"
        },
        {
            "id": "fce83f4e-a2a0-4319-b38d-7dfb261ea719",
            "outputSocketId": "30c3a806-62da-48f2-9af7-716e509bb5b9638505551052224253",
            "inputSocketId": "9a490c43-af6f-450f-8b36-2830911cc333638505553074647651"
        },
        {
            "id": "5d3da323-a4ca-4e3f-931c-65d306d3b930",
            "outputSocketId": "fd238b20-21f6-41b9-af3e-203c7af3d68c638505551828368583",
            "inputSocketId": "86bbf4b2-4f43-4e98-8048-d0281f02fed9638505553339878171"
        },
        {
            "id": "9b101329-589a-4d99-820a-871bd8af6ef7",
            "outputSocketId": "1c895351-1cd8-4794-a2f1-6cd8086d6d54638505551840121838",
            "inputSocketId": "29df39ae-e490-4078-b907-2c02c5df391a638505553351818566"
        },
        {
            "id": "cecf46f4-aee0-4a26-ad0a-e1e6b1013a88",
            "outputSocketId": "2a2b2716-b87a-4981-9c46-46f6411408ef638505552107707984",
            "inputSocketId": "b20afa4d-5aab-480f-bc8f-f407cb8b5a4e638505553984213736"
        },
        {
            "id": "bc5e8f16-7640-4bbb-b580-127df4cfaa81",
            "outputSocketId": "4a708678-ef3f-4429-a593-ea509f22039e638505552118010601",
            "inputSocketId": "b1710e27-8178-4781-a269-4308c214c55d638505554002115910"
        },
        {
            "id": "0f86f2ee-5d67-4602-a754-c00356a26444",
            "outputSocketId": "d95f7618-ad47-4d3f-81b3-0c86ab1d489c638505549392317577",
            "inputSocketId": "d06db640-d58c-404d-a384-34892fdc73a4638505554441367635"
        },
        {
            "id": "715728e2-ac5b-4f16-a71f-15988e712fce",
            "outputSocketId": "1121a8a7-8681-4abe-8f14-cd794e4528ce638505549521420573",
            "inputSocketId": "f7470185-97ed-4fb5-9415-32d7b4354cf9638505554781967079"
        },
        {
            "id": "ba8706d4-6bef-4ad9-8d33-77442dce433b",
            "outputSocketId": "b4481ffd-3bea-4b5f-83a5-c5061434ec8a638505549955491698",
            "inputSocketId": "9a21120b-5a11-43ab-a96b-eba6551aa6d9638505554962795969"
        },
        {
            "id": "13650cfc-4589-411b-aa5a-80657a397814",
            "outputSocketId": "b9d7fda5-c470-4cc1-bfa6-c09657fa9c22638505550050964043",
            "inputSocketId": "6810cb34-e46b-47c4-9ade-0f8a2fcb7896638505554976024837"
        },
        {
            "id": "a3731a44-3a58-4f05-b525-e8559b035b65",
            "outputSocketId": "6f77518a-44a6-495c-9430-de71d03c8568638505550164324036",
            "inputSocketId": "77f2923e-379f-4ccf-9fb1-169092adcab0638505554985868560"
        },
        {
            "id": "80c330a6-1080-4062-acc6-7899ac04bbd9",
            "outputSocketId": "90ba5393-4a2a-4126-87e4-654a3a9317ae638505550739326636",
            "inputSocketId": "7b2abb13-bf1c-4c2e-a29f-9345f0c21f67638505556151065454"
        },
        {
            "id": "6479011a-e594-4f9c-bb46-ccaac9a25592",
            "outputSocketId": "e0f87da1-d534-466a-9fc1-6cdebd424af0638505550847197814",
            "inputSocketId": "71b5ca68-5962-4bd6-980b-7a5cf7b80a81638505556114041619"
        },
        {
            "id": "1a6afdd1-678f-495d-a612-191abc9e74f2",
            "outputSocketId": "479e2b0d-0804-4ba1-bc0a-6f87a237d342638505550692696811",
            "inputSocketId": "e330048d-ac88-4e35-b234-76d2e8b7b977638505556051059100"
        },
        {
            "id": "12d4bf0b-d8f3-483e-913d-aac7bce6181f",
            "outputSocketId": "5706c3cb-384d-4367-ac45-63ad2e8bbf6c638505550402626251",
            "inputSocketId": "ceb4eef2-f7a4-40f7-a8c0-a4e6904dd6db638505556029217104"
        }
    ]
}